[
{
    "pk": 91, 
    "model": "firmware.build", 
    "fields": {
        "node": 7, 
        "date": "2012-12-14T15:06:40.633Z", 
        "image": "firmwares/openwrt-x86-generic-combined-ext4-merge_trunk_03-atom.img_2-91.gz", 
        "version": "0.1", 
        "task_id": "35b328c7-5770-4497-98a6-86b29094a034"
    }
},
{
    "pk": 150, 
    "model": "firmware.build", 
    "fields": {
        "node": 14, 
        "date": "2012-12-21T11:46:07.875Z", 
        "image": "firmwares/openwrt-x86-generic-combined-ext4-merge_trunk_03_3.img-150.gz", 
        "version": "0.1", 
        "task_id": "24fa909f-4b17-4f1f-80c8-3a2144e537c1"
    }
},
{
    "pk": 152, 
    "model": "firmware.build", 
    "fields": {
        "node": 15, 
        "date": "2012-12-21T16:25:48.165Z", 
        "image": "firmwares/openwrt-x86-generic-combined-ext4-merge_trunk_03_3.-152.img.gz", 
        "version": "0.1", 
        "task_id": "b8c4e9f2-a835-4e9e-a40b-8b8b5fdbd8a4"
    }
},
{
    "pk": 240, 
    "model": "firmware.buildfile", 
    "fields": {
        "content": "-----BEGIN RSA PRIVATE KEY-----\nMIIEpAIBAAKCAQEAzCKbsT3JT0yh3nojjxwm4awDP0ePgax9YuSBMYR6399emJUq\nOiPMzAFrWW5MHSL6cRHz6InLqSfmBby37QwrXM/X0LzCPuowrf3RJhczz47AKWzK\nbsZ91iMNg2ipeZRjjfWzArAv+EBv+GTdiSjsRHuipw0RMWrYNaGKxSslH9S5FpvE\nh03v0o/Ez32ap0Ik7ZhuTsy9d6X8CltogjG54gJ+FRFvfOB4F7OOfEtgIr6Cmafc\n3pbjNgoHmYPTXYhB1k3ii0ptARl2B3quK2BcNVtcdTGlGNjnnX7IhHmBpMybTCKR\n2SYEstjmaMe1jWBbuwL0TwDLf3IjSvK4+5XrwQIDAQABAoIBAQCUOKTX40civz/h\nbMoZBZXt0ppg/jLjMz2v6r8sF0eo+mWTYOvSX2A62OT7gKzfkyBJrYFu3W71mjTZ\nAZiDFIz/zSKlPAnG6QEDtQKCJ+LE2KAK9CVgnduM+tK7EenMj8RhtX+PeiK6nP8w\nWvzItOApMaR+q2xKd4waFPvQAm3oV53tkZ1g+n2FGpe0eGEpLvh1wf1Qog+abTMo\nO8sOgOgoOyZIn/GhVyu1sIO3OIaUz087xJ83g0uSeUk47Ikw5JRBUS/NoQMOGLKu\nvH0rTWr7yCJcfPNw0XoGv5Fbi0v5cYMasxO116cUZhTvO8VpClMoEOa9J1pCYipr\nA1ooD+RhAoGBAPnEX59kfVWspH/YpMq+W6DDslCO+pS3494HxII7pVvikFswGJ9u\nBM9JpnmVJXVe3uOpkkGXLzAxIzsB+6cGLfaZ5byzDFJ6DbF9ZRQvfQ6i0Hp5lehr\nqcVUFRCIJonYFVxZWyvmsfyovAena9Ogm+H+RAJjVuFz0JY/nEwcQInlAoGBANE6\nt5rXZEXs2abb4hw9YhGzVoD7AxpL5WDUVxQDMbnS4kTJt4tfmoFS4uLfcWrT8CAp\n+1viJ95IwcRI0+XQ5JRC0o2NAg0lxV1F5/XZcZWtCX0WhX9hjQb6YEg11zcVN0JT\nYF0FxRlZ6NSG2Fr26kMAdHPwCtazin/3FuqnWgytAoGBANpUVmI2rXje2U0IS8UO\ncXoulwjkcxbdSEsl7xkImpufiSCtAlkbCwlIEEXnoj7fF2dbK4Y6af1udqV2Lkzq\nkfMmxDQXL4ZJOv8T5e+nM2I/4I2vCuOIeXcM8PzqhwWn5cQ8N/5AQwXhWbw3FYKA\nusLqSPjtbVzWqFcuc6n0aFYhAoGAXMz6WsdmRk2DTCsC4xumv8sXdyXefm9jUctc\nxBeWmqEakwAVVNAWq32j/JS2rXdLbjiwsFRi8oi6yOC0e55nhAsPcJE2c7ZpD7HN\n7JGBe63AI6c1lwYhkxLCWcTnrBrQ464vc5L3lQL37ivREqepyAYPoMy7QfdoWtGx\nbGrF2hECgYA6oTsk10pkczwytrlLgZeRC6xsDMP8U4lg9yk+ETHzLAZlYqNkor3F\njQyqvmKC8gDuHovjYbmUkM42sR84JUgXjIZ3Hkaq/meZK1lwKuwN/5mpFJkhHGpp\nyRxsI3HMfuy6PSWrk/UgrfMkHiP7/zIZZv89unV/nj4S9/T/oF/8yA==\n-----END RSA PRIVATE KEY-----\n", 
        "path": "/etc/tinc/confine/rsa_key.priv", 
        "build": 150, 
        "parent": 3
    }
},
{
    "pk": 241, 
    "model": "firmware.buildfile", 
    "fields": {
        "content": "Subnet = 2001:db8:cafe:e:0:0:0:0/64\n\n-----BEGIN PUBLIC KEY-----\nMIIBIjANBgkqhkiG9w0BAQEFAAOCAQ8AMIIBCgKCAQEAzCKbsT3JT0yh3nojjxwm\n4awDP0ePgax9YuSBMYR6399emJUqOiPMzAFrWW5MHSL6cRHz6InLqSfmBby37Qwr\nXM/X0LzCPuowrf3RJhczz47AKWzKbsZ91iMNg2ipeZRjjfWzArAv+EBv+GTdiSjs\nRHuipw0RMWrYNaGKxSslH9S5FpvEh03v0o/Ez32ap0Ik7ZhuTsy9d6X8CltogjG5\n4gJ+FRFvfOB4F7OOfEtgIr6Cmafc3pbjNgoHmYPTXYhB1k3ii0ptARl2B3quK2Bc\nNVtcdTGlGNjnnX7IhHmBpMybTCKR2SYEstjmaMe1jWBbuwL0TwDLf3IjSvK4+5Xr\nwQIDAQAB\n-----END PUBLIC KEY-----\n", 
        "path": "/etc/tinc/confine/hosts/node_14", 
        "build": 150, 
        "parent": 4
    }
},
{
    "pk": 242, 
    "model": "firmware.buildfile", 
    "fields": {
        "content": "Name = node_14\nConnectTo = server\n", 
        "path": "/etc/tinc/confine/tinc.conf", 
        "build": 150, 
        "parent": 5
    }
},
{
    "pk": 243, 
    "model": "firmware.buildfile", 
    "fields": {
        "content": "#!/bin/sh\nip -6 link set \"$INTERFACE\" up mtu 1400\nip -6 addr add 2001:db8:cafe:e::2/48 dev \"$INTERFACE\"\n", 
        "path": "/etc/tinc/confine/tinc-up", 
        "build": 150, 
        "parent": 6
    }
},
{
    "pk": 244, 
    "model": "firmware.buildfile", 
    "fields": {
        "content": "#!/bin/sh\nip -6 addr del 2001:db8:cafe:e::2/48 dev \"$INTERFACE\"\nip -6 link set \"$INTERFACE\" down\n", 
        "path": "/etc/tinc/confine/tinc-down", 
        "build": 150, 
        "parent": 7
    }
},
{
    "pk": 245, 
    "model": "firmware.buildfile", 
    "fields": {
        "content": "config node node\n    option public_ipv4_avail '333'\n    option local_ifname 'eth0'\n    option mac_prefix16 '0x06ab'\n    option priv_ipv4_prefix24 '192.168.157.0/24'\n    option rd_public_ipv4_proto 'dhcp'\n    option sl_public_ipv4_proto 'dhcp'\n    option rd_if_iso_parents 'eth1'\n    option id '14'\n\nconfig server server\n    option mgmt_pubkey '-----BEGIN RSA PUBLIC KEY-----\nMIIBCgKCAQEApwotnfHT9RAmxnuaGEMdI3lYPYE4aaqSD9v4KbTh1E7Le3GNJQb7\nwCpmDe8+n8S5Kp/gBEpWiYuvsVA/T4KseoX7NMcacP+DJMwjmNd9U58USn2vLz0Z\nTMtXpc/FUhW5PZdgCiuNzw6IFgGn9ZCCv85jjUIW3KD8fUNdrUfVSv4olDoL9NkR\ndTRg3Os/znC6l0gv/mqnLaqj2bJ/tx47kUmj6Oq13JuEq34T+DVmsUCFVundQnRp\nc/vVEqQot7Rvj9UmSvTi4WKt/qxiAnyZf3gXOdrXvxfVTGzD5I/Xg+By+a4C2JwB\nA5RGvZP3fyfhkCnnhFDpfws5lc20FA6ryQIDAQAB\n-----END RSA PUBLIC KEY-----\n'\n\nconfig testbed testbed\n    option mgmt_ipv6_prefix48 'fdf5:5351:1dfd'", 
        "path": "/etc/config/confine", 
        "build": 150, 
        "parent": 1
    }
},
{
    "pk": 246, 
    "model": "firmware.buildfile", 
    "fields": {
        "content": "\nconfig tinc-net confine\n    option enabled '1'\n\n", 
        "path": "/etc/config/tinc", 
        "build": 150, 
        "parent": 8
    }
},
{
    "pk": 247, 
    "model": "firmware.buildfile", 
    "fields": {
        "content": "Address = controller.confine-project.eu\nAddress = 10.228.207.8\nPort = 655\nSubnet = 2001:db8:cafe:0:0:0:0:2\n\n-----BEGIN RSA PUBLIC KEY-----\nMIIBCgKCAQEApwotnfHT9RAmxnuaGEMdI3lYPYE4aaqSD9v4KbTh1E7Le3GNJQb7\nwCpmDe8+n8S5Kp/gBEpWiYuvsVA/T4KseoX7NMcacP+DJMwjmNd9U58USn2vLz0Z\nTMtXpc/FUhW5PZdgCiuNzw6IFgGn9ZCCv85jjUIW3KD8fUNdrUfVSv4olDoL9NkR\ndTRg3Os/znC6l0gv/mqnLaqj2bJ/tx47kUmj6Oq13JuEq34T+DVmsUCFVundQnRp\nc/vVEqQot7Rvj9UmSvTi4WKt/qxiAnyZf3gXOdrXvxfVTGzD5I/Xg+By+a4C2JwB\nA5RGvZP3fyfhkCnnhFDpfws5lc20FA6ryQIDAQAB\n-----END RSA PUBLIC KEY-----\n\n", 
        "path": "/etc/tinc/confine/hosts/server", 
        "build": 150, 
        "parent": 2
    }
},
{
    "pk": 248, 
    "model": "firmware.buildfile", 
    "fields": {
        "content": "-----BEGIN CERTIFICATE-----\nMIIC8TCCAdkCADANBgkqhkiG9w0BAQsFADA/MSAwHgYJKoZIhvcNAQkBFhFtYXJj\nYXlAcGFuZ2VhLm9yZzEbMBkGA1UEAxMSMjAwMTpkYjg6Y2FmZTplOjoyMB4XDTEy\nMTIyMTExNDYwOVoXDTE2MTIyMDExNDYwOVowPzEgMB4GCSqGSIb3DQEJARYRbWFy\nY2F5QHBhbmdlYS5vcmcxGzAZBgNVBAMTEjIwMDE6ZGI4OmNhZmU6ZTo6MjCCASIw\nDQYJKoZIhvcNAQEBBQADggEPADCCAQoCggEBAMwim7E9yU9Mod56I48cJuGsAz9H\nj4GsfWLkgTGEet/fXpiVKjojzMwBa1luTB0i+nER8+iJy6kn5gW8t+0MK1zP19C8\nwj7qMK390SYXM8+OwClsym7GfdYjDYNoqXmUY431swKwL/hAb/hk3Yko7ER7oqcN\nETFq2DWhisUrJR/UuRabxIdN79KPxM99mqdCJO2Ybk7MvXel/ApbaIIxueICfhUR\nb3zgeBezjnxLYCK+gpmn3N6W4zYKB5mD012IQdZN4otKbQEZdgd6ritgXDVbXHUx\npRjY551+yIR5gaTMm0wikdkmBLLY5mjHtY1gW7sC9E8Ay39yI0ryuPuV68ECAwEA\nATANBgkqhkiG9w0BAQsFAAOCAQEAaCeixjCOONamzntLTn4JzrgyOf2ODHvRhCKV\nqrvmST8e7aIpUE+WA/SQWSMt+xlSWHKgR6nBdJ9E2WHj3e7dezJ4XEEyNLYXjRQD\nqCw0WthodSUAh3MKHb/h1K1E7/10n/6kT74SCTkblgXXhj3oN4SdIC8zNSXxo1Kr\nAvLiI1e712SqeXYfUS1Eo9u4ocfwDMv0tryzLwiZZdtWO2ztodb8trxTk0KjA49Y\nZfhtOl+jc+iQxUYy0Lficnx1FtuU2OqAQBQ9AT9Co9/t3hUmF/Ex124gW67gJlRR\nI9QkbM0Q0MuJ0Ng4SDh/Qoxfi83ROOu33H/+DGbdDzvuC9g0PA==\n-----END CERTIFICATE-----", 
        "path": "/etc/config/cert", 
        "build": 150, 
        "parent": 9
    }
},
{
    "pk": 258, 
    "model": "firmware.buildfile", 
    "fields": {
        "content": "Address = controller.confine-project.eu\nAddress = 10.228.207.8\nPort = 666\nSubnet = 2001:db8:cafe:0:0:0:0:2\n\n-----BEGIN RSA PUBLIC KEY-----\nMIIBCgKCAQEApwotnfHT9RAmxnuaGEMdI3lYPYE4aaqSD9v4KbTh1E7Le3GNJQb7\nwCpmDe8+n8S5Kp/gBEpWiYuvsVA/T4KseoX7NMcacP+DJMwjmNd9U58USn2vLz0Z\nTMtXpc/FUhW5PZdgCiuNzw6IFgGn9ZCCv85jjUIW3KD8fUNdrUfVSv4olDoL9NkR\ndTRg3Os/znC6l0gv/mqnLaqj2bJ/tx47kUmj6Oq13JuEq34T+DVmsUCFVundQnRp\nc/vVEqQot7Rvj9UmSvTi4WKt/qxiAnyZf3gXOdrXvxfVTGzD5I/Xg+By+a4C2JwB\nA5RGvZP3fyfhkCnnhFDpfws5lc20FA6ryQIDAQAB\n-----END RSA PUBLIC KEY-----\n\n", 
        "path": "/etc/tinc/confine/hosts/server", 
        "build": 152, 
        "parent": 2
    }
},
{
    "pk": 259, 
    "model": "firmware.buildfile", 
    "fields": {
        "content": "Subnet = 2001:db8:cafe:f:0:0:0:0/64\n\n-----BEGIN PUBLIC KEY-----\nMIIBIjANBgkqhkiG9w0BAQEFAAOCAQ8AMIIBCgKCAQEAy1PjBRUFBg2tcCVpd9XL\nmUmWXmpRzZFv3ig2P4iqchXy1IRGtYhbJG9GSJW4EknQ6b0AMlWoi+9YfxqpMRgD\n3fuk2dLtzhipusxNRV+lGAlz6EhvWn6e8rgN5ZPgPfUgwpfnM0Lf6NkWMC7wsFsc\n2SUvJOggpOVQEcMk6U/ucXZupFq9D3zk21sXNBNbb3RDWQMfYcqw0lVG/Q/ET7jw\nHgtKQRF9mE26CdX7UzpwIkGXGc/diXw6RQIOPIwYKVrY1Xrh3Ql1qFzAxjHehHYH\nfcuMpxdBnto9jeZ2Uclq4Bcc1DpP74eIUzVZXvC2KjUTvXDMCHUD9rHVLOev5vFU\nRwIDAQAB\n-----END PUBLIC KEY-----\n", 
        "path": "/etc/tinc/confine/hosts/node_15", 
        "build": 152, 
        "parent": 4
    }
},
{
    "pk": 260, 
    "model": "firmware.buildfile", 
    "fields": {
        "content": "Name = node_15\nConnectTo = server\n", 
        "path": "/etc/tinc/confine/tinc.conf", 
        "build": 152, 
        "parent": 5
    }
},
{
    "pk": 261, 
    "model": "firmware.buildfile", 
    "fields": {
        "content": "#!/bin/sh\nip -6 link set \"$INTERFACE\" up mtu 1400\nip -6 addr add 2001:db8:cafe:f::2/48 dev \"$INTERFACE\"\n", 
        "path": "/etc/tinc/confine/tinc-up", 
        "build": 152, 
        "parent": 6
    }
},
{
    "pk": 262, 
    "model": "firmware.buildfile", 
    "fields": {
        "content": "#!/bin/sh\nip -6 addr del 2001:db8:cafe:f::2/48 dev \"$INTERFACE\"\nip -6 link set \"$INTERFACE\" down\n", 
        "path": "/etc/tinc/confine/tinc-down", 
        "build": 152, 
        "parent": 7
    }
},
{
    "pk": 263, 
    "model": "firmware.buildfile", 
    "fields": {
        "content": "config node node\n    option public_ipv4_avail '10'\n    option local_ifname 'eth0'\n    option mac_prefix16 '0x06ab'\n    option priv_ipv4_prefix24 '192.168.157.0/24'\n    option rd_public_ipv4_proto 'dhcp'\n    option sl_public_ipv4_proto 'dhcp'\n    option rd_if_iso_parents ''\n    option id '15'\n\nconfig server server\n    option mgmt_pubkey '-----BEGIN RSA PUBLIC KEY-----\nMIIBCgKCAQEApwotnfHT9RAmxnuaGEMdI3lYPYE4aaqSD9v4KbTh1E7Le3GNJQb7\nwCpmDe8+n8S5Kp/gBEpWiYuvsVA/T4KseoX7NMcacP+DJMwjmNd9U58USn2vLz0Z\nTMtXpc/FUhW5PZdgCiuNzw6IFgGn9ZCCv85jjUIW3KD8fUNdrUfVSv4olDoL9NkR\ndTRg3Os/znC6l0gv/mqnLaqj2bJ/tx47kUmj6Oq13JuEq34T+DVmsUCFVundQnRp\nc/vVEqQot7Rvj9UmSvTi4WKt/qxiAnyZf3gXOdrXvxfVTGzD5I/Xg+By+a4C2JwB\nA5RGvZP3fyfhkCnnhFDpfws5lc20FA6ryQIDAQAB\n-----END RSA PUBLIC KEY-----\n'\n\nconfig testbed testbed\n    option mgmt_ipv6_prefix48 'fdf5:5351:1dfd'", 
        "path": "/etc/config/confine", 
        "build": 152, 
        "parent": 1
    }
},
{
    "pk": 264, 
    "model": "firmware.buildfile", 
    "fields": {
        "content": "\nconfig tinc-net confine\n    option enabled '1'\n\n", 
        "path": "/etc/config/tinc", 
        "build": 152, 
        "parent": 8
    }
},
{
    "pk": 1, 
    "model": "firmware.config", 
    "fields": {
        "version": "0.1", 
        "description": "Confine Firmware"
    }
},
{
    "pk": 1, 
    "model": "firmware.baseimage", 
    "fields": {
        "image": "firmwares/openwrt-x86-generic-combined-ext4-merge_trunk_03_3.img.gz", 
        "config": 1, 
        "architectures": "x86,x86_64,i586"
    }
},
{
    "pk": 1, 
    "model": "firmware.configuci", 
    "fields": {
        "section": "node node", 
        "config": 1, 
        "option": "id", 
        "value": "node.id"
    }
},
{
    "pk": 2, 
    "model": "firmware.configuci", 
    "fields": {
        "section": "node node", 
        "config": 1, 
        "option": "local_ifname", 
        "value": "node.local_iface"
    }
},
{
    "pk": 3, 
    "model": "firmware.configuci", 
    "fields": {
        "section": "node node", 
        "config": 1, 
        "option": "mac_prefix16", 
        "value": "node.get_sliver_mac_prefix()"
    }
},
{
    "pk": 4, 
    "model": "firmware.configuci", 
    "fields": {
        "section": "node node", 
        "config": 1, 
        "option": "priv_ipv4_prefix24", 
        "value": "node.get_priv_ipv4_prefix()"
    }
},
{
    "pk": 5, 
    "model": "firmware.configuci", 
    "fields": {
        "section": "node node", 
        "config": 1, 
        "option": "public_ipv4_avail", 
        "value": "str(node.sliver_pub_ipv4_num)"
    }
},
{
    "pk": 6, 
    "model": "firmware.configuci", 
    "fields": {
        "section": "node node", 
        "config": 1, 
        "option": "rd_public_ipv4_proto", 
        "value": "'dhcp'"
    }
},
{
    "pk": 7, 
    "model": "firmware.configuci", 
    "fields": {
        "section": "node node", 
        "config": 1, 
        "option": "sl_public_ipv4_proto", 
        "value": "'dhcp'"
    }
},
{
    "pk": 8, 
    "model": "firmware.configuci", 
    "fields": {
        "section": "node node", 
        "config": 1, 
        "option": "rd_if_iso_parents", 
        "value": "' '.join(node.direct_ifaces.values_list('name', flat=True))"
    }
},
{
    "pk": 10, 
    "model": "firmware.configuci", 
    "fields": {
        "section": "testbed testbed", 
        "config": 1, 
        "option": "mgmt_ipv6_prefix48", 
        "value": "'fdf5:5351:1dfd'"
    }
},
{
    "pk": 11, 
    "model": "firmware.configuci", 
    "fields": {
        "section": "server server", 
        "config": 1, 
        "option": "mgmt_pubkey", 
        "value": "server.tinc.pubkey"
    }
},
{
    "pk": 13, 
    "model": "firmware.configuci", 
    "fields": {
        "section": "tinc-net confine", 
        "config": 1, 
        "option": "enabled", 
        "value": "'1'"
    }
},
{
    "pk": 1, 
    "model": "firmware.configfile", 
    "fields": {
        "priority": 0, 
        "is_active": true, 
        "content": "self.config.render_uci(node, sections=['node node', 'testbed testbed', 'server server']).strip()", 
        "mode": "", 
        "is_optional": false, 
        "path": "/etc/config/confine", 
        "config": 1
    }
},
{
    "pk": 2, 
    "model": "firmware.configfile", 
    "fields": {
        "priority": 0, 
        "is_active": true, 
        "content": "[ server.get_host() for server in node.tinc.connect_to.all() ]", 
        "mode": "", 
        "is_optional": false, 
        "path": "[ \"/etc/tinc/confine/hosts/%s\" % server.name for server in node.tinc.connect_to.all() ]", 
        "config": 1
    }
},
{
    "pk": 3, 
    "model": "firmware.configfile", 
    "fields": {
        "priority": 1, 
        "is_active": true, 
        "content": "node.tinc.generate_key(commit=True)", 
        "mode": "og-rw", 
        "is_optional": true, 
        "path": "/etc/tinc/confine/rsa_key.priv", 
        "config": 1
    }
},
{
    "pk": 4, 
    "model": "firmware.configfile", 
    "fields": {
        "priority": 0, 
        "is_active": true, 
        "content": "node.tinc.get_host()", 
        "mode": "", 
        "is_optional": false, 
        "path": "'/etc/tinc/confine/hosts/%s' % node.tinc.name", 
        "config": 1
    }
},
{
    "pk": 5, 
    "model": "firmware.configfile", 
    "fields": {
        "priority": 0, 
        "is_active": true, 
        "content": "node.tinc.get_config()", 
        "mode": "+x", 
        "is_optional": false, 
        "path": "/etc/tinc/confine/tinc.conf", 
        "config": 1
    }
},
{
    "pk": 6, 
    "model": "firmware.configfile", 
    "fields": {
        "priority": 0, 
        "is_active": true, 
        "content": "node.tinc.get_tinc_up()", 
        "mode": "+x", 
        "is_optional": false, 
        "path": "/etc/tinc/confine/tinc-up", 
        "config": 1
    }
},
{
    "pk": 7, 
    "model": "firmware.configfile", 
    "fields": {
        "priority": 0, 
        "is_active": true, 
        "content": "node.tinc.get_tinc_down()", 
        "mode": "", 
        "is_optional": false, 
        "path": "/etc/tinc/confine/tinc-down", 
        "config": 1
    }
},
{
    "pk": 8, 
    "model": "firmware.configfile", 
    "fields": {
        "priority": 0, 
        "is_active": true, 
        "content": "self.config.render_uci(node, sections=['tinc-net confine'])", 
        "mode": "", 
        "is_optional": false, 
        "path": "/etc/config/tinc", 
        "config": 1
    }
},
{
    "pk": 9, 
    "model": "firmware.configfile", 
    "fields": {
        "priority": 0, 
        "is_active": true, 
        "content": "node.generate_certificate(key=files[0].content, commit=True).strip()", 
        "mode": "", 
        "is_optional": true, 
        "path": "/etc/config/cert", 
        "config": 1
    }
},
{
    "pk": 1, 
    "model": "firmware.configfilehelptext", 
    "fields": {
        "help_text": "This file is the private key for the management overlay. \r\nNotice that the node public key will be automatically updated and your node will lose connectivity to the management network until the new image is not installed.\r\n", 
        "config": 1, 
        "file": 3
    }
},
{
    "pk": 2, 
    "model": "firmware.configfilehelptext", 
    "fields": {
        "help_text": "This file contains the certificate for node authentication.\r\nPlease notice that this depends on the RSA keys generated for the tinc overlay, so you must also select the rsa_key.priv if you want a certificate. Also if there is any node.certificate it will be overwritten.", 
        "config": 1, 
        "file": 9
    }
}
]
